NER,frequency,to appear? (yes/no),EN name,EL name
new democracy,112,yes,New Democracy,Νέα Δημοκρατία
greece,99,yes,Greece,Ελλάδα
mitsotakis,94,yes,Mitsotakis,Μητσοτάκης
syriza,69,yes,SYRIZA,ΣΥΡΙΖΑ
pasok,60,yes,PASOK,ΠΑΣΟΚ
greek people,44,yes,Greek People,Έλληνες
tsipras,40,yes,Tsipras,Τσίπρας
greek,39,no,Greek,Ελληνικά
crete,32,yes,Crete,Κρήτη
kke,31,yes,KKE,ΚΚΕ
sunday,20,yes,Sunday,Κυριακή
piraeus,20,yes,Piraeus,Πειραιάς
country,19,no,Country,Χώρα
21 may,19,yes,21 May,21 Μαΐου
heraklion,16,yes,Heraklion,Ηράκλειο
european union,15,yes,European Union,Ευρωπαϊκή Ένωση
recovery fund,15,yes,Recovery Fund,Ταμείο Ανάκαμψης
europe,14,yes,Europe,Ευρώπη
athens,14,yes,Athens,Αθήνα
democratic party,13,yes,Democratic Party,Δημοκρατικό Κόμμα
government,13,yes,Government,Κυβέρνηση
prime minister,13,yes,Prime Minister,Πρωθυπουργός
andreas papandreou,12,yes,Andreas Papandreou,Ανδρέας Παπανδρέου
national health system,12,yes,National Health System,Εθνικό Σύστημα Υγείας
patras,12,yes,Patras,Πάτρα
june 25th,11,yes,June 25th,25 Ιουνίου
parliament,11,yes,Parliament,Κοινοβούλιο
turkey,11,yes,Turkey,Τουρκία
achaia,11,yes,Achaia,Αχαΐα
portugal,10,yes,Portugal,Πορτογαλία
androulakis,10,yes,Androulakis,Ανδρουλάκης
people,10,no,People,Άνθρωποι
2019,9,yes,2019,2019
middle class,9,yes,Middle Class,Μεσαία Τάξη
june 25,9,yes,June 25,Ιούνιος 25
aegean,8,yes,Aegean,Αιγαίο
greek solution,8,yes,Greek Solution,Ελληνική Λύση
european,7,yes,European,Ευρωπαϊκή
golden dawn,7,yes,Golden Dawn,Χρυσή Αυγή
young people,7,yes,Young People,Νέοι Άνθρωποι
kozani,7,yes,Kozani,Κοζάνη
kokkinia,7,yes,Kokkinia,Μαγείρεμα
chios,6,yes,Chios,Χίος
banks,6,yes,Banks,Τράπεζες
party,6,yes,Party,Κόμμα
four years,6,yes,Four Years,Τέσσερα Χρόνια
monday,6,yes,Monday,Δευτέρα
nato,6,yes,NATO,ΝΑΤΟ
greek economy,5,yes,Greek Economy,Ελληνική Οικονομία
tempi,5,yes,Tempi,Τέμπη
left,5,yes,Left,Αριστερά
evros,5,yes,Evros,Έβρος
macedonia,5,yes,Macedonia,Μακεδονία
education,5,yes,Education,Εκπαίδευση
euro,5,yes,Euro,Ευρώ
greek citizens,5,yes,Greek Citizens,Έλληνες Πολίτες
election,5,yes,Election,Εκλογές
workers,5,yes,Workers,Εργαζόμενοι
chania,5,yes,Chania,Chania
us,4,yes,Us,Us
efka,4,yes,EFKA,ΕΦΚΑ
ukraine,4,yes,Ukraine,Ουκρανία
brussels,4,yes,Brussels,Βρυξέλλες
varoufakis,4,yes,Varoufakis,Βαρουφάκης
students,4,yes,Students,Φοιτητές
lassithi,4,yes,Lassithi,Lassithi
ppc,4,yes,PPC,ΔΕΗ
rama,4,yes,Rama,Υποκατάστημα
perama,4,yes,Perama,Πέραμα
children,4,yes,Children,Παιδιά
citizens,4,yes,Citizens,Πολίτες
contract of change,4,yes,Contract Of Change,Συμβόλαιο Αλλαγής
change,4,yes,Change,Αλλαγή
west athens,4,yes,West Athens,Δυτική Αθήνα
2022,3,yes,2022,2022
karamanlis,3,yes,Karamanlis,Καραμανλής
media,3,yes,Media,Μισό
small and medium-sized enterprises,3,yes,Small And Medium-sized Enterprises,Μικρομεσαίες Επιχειρήσεις
ireland,3,yes,Ireland,Ιρλανδία
george gennimata,3,yes,George Gennimata,Γεώργιος Γεννηματάς
bulgaria,3,yes,Bulgaria,Βουλγαρία
italy,3,yes,Italy,Ιταλία
friends,3,yes,Friends,Φίλοι
2015,3,yes,2015,2015
democratic heraklion,3,yes,Democratic Heraklion,Δημοκρατικό Ηράκλειο
eleftherios venizelos,3,yes,Eleftherios Venizelos,Ελευθέριος Βενιζέλος
democracy,3,yes,Democracy,Δημοκρατία
thessaloniki,3,yes,Thessaloniki,Θεσσαλονίκη
spain,3,yes,Spain,Ισπανία
right,3,yes,Right,Δεξιά
greek mother,3,yes,Greek Mother,Ελληνίδα Μητέρα
erdogan,3,yes,Erdogan,Ερντογάν
tourism,3,yes,Tourism,Τουρισμός
vat,3,yes,VAT,ΦΠΑ
may 21st,3,yes,May 21st,21 Μαΐου
ballot box,3,yes,Ballot Box,Κάλπη
minimum admission base,3,yes,Minimum Admission Base,Ελάχιστη Βάση Εισδοχής
universities,3,yes,Universities,Πανεπιστήμια
justice,3,yes,Justice,Δικαιοσύνη
pandemic,3,yes,Pandemic,Πανδημία
progressive government,3,yes,Progressive Government,Προοδευτική Κυβέρνηση
south-west,3,yes,South-west,Νοτιοδυτικά
rethymno,3,yes,Rethymno,Rethymno
opposition,3,yes,Opposition,Αντιπολίτευση
greek society,3,yes,Greek Society,Ελληνική Κοινωνία
psiloritis,3,yes,Psiloritis,Ψιλορίτης
patsis,2,yes,Patsis,Πάτσης
2010,2,yes,2010,2010
czech republic,2,yes,Czech Republic,Δημοκρατία Της Τσεχίας
paraskevas avgerinos,2,yes,Paraskevas Avgerinos,Παρασκευάς Αυγερινός
lithuania,2,yes,Lithuania,Λιθουανία
georgiades,2,yes,Georgiades,Γεωργιάδες
voridis,2,yes,Voridis,Voridis
tax office,2,yes,Tax Office,Εφορία
climate,2,yes,Climate,Κλίμα
prespes,2,yes,Prespes,Πρέσπες
cyprus,2,yes,Cyprus,Κύπρος
socialists,2,yes,Socialists,Σοσιαλιστές
thrace,2,yes,Thrace,Θράκη
kasidiaris,2,yes,Kasidiaris,Κασιδιάρης
maximos,2,yes,Maximos,Μαξίμου
mr katrougalos,2,yes,Mr Katrougalos,Κ. Κατρούγκαλος
evia,2,yes,Evia,Εύβοια
sunday 21 may,2,yes,Sunday 21 May,Κυριακή 21 Μαΐου
oecd,2,yes,Oecd,ΟΑΣΑ
populism,2,yes,Populism,Λαϊκισμός
portuguese,2,yes,Portuguese,Πορτογαλικά
national baccalaureate,2,yes,National Baccalaureate,Εθνικό Απολυτήριο
date,2,yes,Date,Ημερομηνία
livestock farmers,2,yes,Livestock Farmers,Κτηνοτρόφοι
processors,2,yes,Processors,Επεξεργαστές
katrougalos,2,yes,Katrougalos,Κατρούγκαλος
ekas,2,yes,EKAS,ΕΚΑΣ
kilicdaroglu,2,yes,Kilicdaroglu,Kilicdaroglu
the people,2,yes,The People,Οι Άνθρωποι
mr. skertsos,2,yes,Mr. Skertsos,Κ. Σκέρτσος
plevris,2,yes,Plevris,Plevris
public hospitals,2,yes,Public Hospitals,Δημόσια Νοσοκομεία
families,2,yes,Families,Οικογένειες
france,2,yes,France,Γαλλία
funds,2,yes,Funds,Κεφάλαια
primary sector,2,yes,Primary Sector,Πρωτογενής Τομέας
italians,2,yes,Italians,Ιταλοί
greek parliament,2,yes,Greek Parliament,Ελληνικό Κοινοβούλιο
f-35,2,yes,F-35,F-35
americans,2,yes,Americans,Αμερικανοί
kolonaki,2,yes,Kolonaki,Κολωνάκι
state,2,yes,State,Κράτος
polls,2,yes,Polls,Δημοσκοπήσεις
germans,2,yes,Germans,Γερμανικά
macedonians,2,yes,Macedonians,Μακεδόνες
albania,2,yes,Albania,Αλβανία
greek government,2,yes,Greek Government,Ελληνική Κυβέρνηση
president,2,yes,President,Πρόεδρος
house,2,yes,House,Σπίτι
northern greece,2,yes,Northern Greece,Βόρεια Ελλάδα
2020,2,yes,2020,2020
constitution,2,yes,Constitution,Σύνταγμα
national resistance,2,yes,National Resistance,Εθνική Αντίσταση
keratsini,2,yes,Keratsini,Κερατσίνι
drapetsona,2,yes,Drapetsona,Δραπετσώνα
unemployed,2,yes,Unemployed,Άνεργοι
society,2,yes,Society,Κοινωνία
public sector,2,yes,Public Sector,Δημόσιος Τομέας
pensioners,2,yes,Pensioners,Συνταξιούχοι
2023,2,yes,2023,2023
doctors,2,yes,Doctors,Γιατροί
nurses,2,yes,Nurses,Νοσηλευτές/εύτριες
troika,2,yes,Troika,Τρόικα
secondary education,2,yes,Secondary Education,Δευτεροβάθμια Εκπαίδευση
police officers,2,yes,Police Officers,Αστυνομικοί
katseli law,2,yes,Katseli Law,Παρακολούθησε Το Νόμο
nsrf,2,yes,Nsrf,Nsrf
armed forces,2,yes,Armed Forces,Ένοπλες Δυνάμεις
greek citizen,2,yes,Greek Citizen,Έλληνας Πολίτης
schools,2,yes,Schools,Σχολεία
companies,2,yes,Companies,Εταιρείες
48 hours,2,yes,48 Hours,48 Ώρες
proportional representation,2,yes,Proportional Representation,Απλή Αναλογική
region,2,yes,Region,Περιοχή
attica,2,yes,Attica,Σοφίτα
may elections,2,yes,May Elections,Εκλογές Του Μαΐου
deputies,2,yes,Deputies,Αναπληρωτές
electoral law,2,yes,Electoral Law,Εκλογικός Νόμος
business groups,2,yes,Business Groups,Επιχειρηματικές Ομάδες
commission,2,yes,Commission,Προμήθεια
health,2,yes,Health,Υγεία
welfare,2,yes,Welfare,Ευημερία
mera25,2,yes,MeRA25,ΜέΡΑ25
greek-turkish relations,2,yes,Greek-turkish Relations,Ελληνοτουρκικές Σχέσεις
jce,2,yes,Jce,JCE
jcp,2,yes,Jcp,Jcp
zoni,2,yes,Zoni,Zoni
elections,2,yes,Elections,Εκλογές
mps,2,yes,Mps,Μέλη του Κοινοβουλίου
cosco,2,yes,Cosco,Cosco
group of people,2,yes,Group Of People,Ομάδα Ανθρώπων
western athens,2,yes,Western Athens,Δυτική Αθήνα
wages,2,yes,Wages,Μισθοί
unemployment,2,yes,Unemployment,Ανεργία
northern road axis,2,yes,Northern Road Axis,Βόρειος Οδικός Άξονας
island,2,yes,Island,Νησί
peristeri,2,yes,Peristeri,Περιστέρι
25 june,2,yes,25 June,25 Ιουνίου
onnedites,2,yes,ONNED Members,ΟΝΝΕΔίτες/ίτισσες
acropolis,2,yes,Acropolis,Ακρόπολη
mr. mayor,2,yes,Mr. Mayor,Κ. Δήμαρχε
mylopotamos,2,yes,Mylopotamos,Μυλοπόταμος
john,2,yes,John,John
the few and the powerful,1,yes,The Few And The Powerful,Οι Λίγοι Και Οι Ισχυροί
fiscal adventures,1,yes,Fiscal Adventures,Φορολογικές Περιπέτειες
stavros arnaoutakis,1,yes,Stavros Arnaoutakis,Σταύρος Αρναουτάκης
european institutions,1,yes,European Institutions,Ευρωπαϊκά Θεσμικά Όργανα
democracy and respect for human rights,1,yes,Democracy And Respect For Human Rights,Δημοκρατία Και Σεβασμός Των Ανθρωπίνων Δικαιωμάτων
listed companies,1,yes,Listed Companies,Εισηγμένες Εταιρείες
powerful,1,yes,Powerful,Ισχυρό
social or economic justice,1,yes,Social Or Economic Justice,Κοινωνική Ή Οικονομική Δικαιοσύνη
the state,1,yes,The State,Το Κράτος
indirect taxes,1,yes,Indirect Taxes,Έμμεσοι Φόροι
weakest,1,yes,Weakest,Το Πιο Αδύναμο
mr. skertos,1,yes,Mr. Skertos,Ο Κ. Σκέρτος
5%,1,yes,5%,5%
mr. skerchos,1,yes,Mr. Skerchos,Κ. Σκέρτσος
agricultural cooperatives,1,yes,Agricultural Cooperatives,Γεωργικοί Συνεταιρισμοί
the deflation of the greek economy,1,yes,The Deflation Of The Greek Economy,Ο Αποπληθωρισμός Της Ελληνικής Οικονομίας
social democratic taxation,1,yes,Social Democratic Taxation,Σοσιαλδημοκρατική Φορολογία
european social model,1,yes,European Social Model,Ευρωπαϊκό Κοινωνικό Μοντέλο
north-eastern aegean,1,yes,North-eastern Aegean,Βορειοανατολικό Αιγαίο
politicians,1,yes,Politicians,Πολιτικοί
public,1,yes,Public,Δημόσια
younger generations,1,yes,Younger Generations,Νεότερες Γενιές
political parties,1,yes,Political Parties,Πολιτικά Κόμματα
maximou,1,yes,Maximou,Maximou
90-93,1,yes,90-93,90-93
father,1,yes,Father,Πατέρας
2 months,1,yes,2 Months,2 Μήνες
nat pensioners,1,yes,Nat Pensioners,Συνταξιούχοι Nat
csf,1,yes,Csf,Csf
patriotic movement,1,yes,Patriotic Movement,Πατριωτικό Κίνημα
political party,1,yes,Political Party,Πολιτικό Κόμμα
the funds,1,yes,The Funds,Τα Κεφάλαια
swiss franc,1,yes,Swiss Franc,Ελβετικό Φράγκο
switzerland,1,yes,Switzerland,Ελβετία
120,1,yes,120,120
youth pass,1,yes,Youth Pass,Πάσο Για Νέους
smes,1,yes,Smes,Smes
digital,1,yes,Digital,Ψηφιακή
recovery fund loans,1,yes,Recovery Fund Loans,Δάνεια Του Ταμείου Ανάκαμψης
mr erdogan,1,yes,Mr Erdogan,Ο Κ. Erdogan
mr bachcheli,1,yes,Mr Bachcheli,Κ. Bachcheli
grey wolves,1,yes,Grey Wolves,Γκρίζοι Λύκοι
south-eastern mediterranean,1,yes,South-eastern Mediterranean,Νοτιοανατολική Μεσόγειος
helsinki,1,yes,Helsinki,Helsinki
euroarmy,1,yes,Euroarmy,Euroarmy
hellenism,1,yes,Hellenism,Ελληνισμός
putin,1,yes,Putin,Putin
1995 customs union,1,yes,1995 Customs Union,1995 Τελωνειακή Ένωση
dublin,1,yes,Dublin,Δουβλίνο
frontex,1,yes,Frontex,Frontex
mytilene,1,yes,Mytilene,Μυτιλήνη
athenian-centric state,1,yes,Athenian-centric State,Αθηνοκεντρικό Κράτος
25th of june,1,yes,25th Of June,25 Ιουνίου
neo-nazism,1,yes,Neo-nazism,Νεοναζισμός
apologists,1,yes,Apologists,Απολογητές
junta,1,yes,Junta,Συμβούλιο
progressives,1,yes,Progressives,Προοδευτικοί
anti-rightists,1,yes,Anti-rightists,Αντιδεξιοί
mr. kamenos,1,yes,Mr. Kamenos,Ο Κ. Stones
antonaros,1,yes,Antonaros,Αντώναρος
barbarousis,1,yes,Barbarousis,Barbarousis
fyssa,1,yes,Fyssa,Φύσσα
immigrants,1,yes,Immigrants,Μετανάστες
special court,1,yes,Special Court,Ειδικό Δικαστήριο
armed forces authority,1,yes,Armed Forces Authority,Αρχή Των Ενόπλων Δυνάμεων
independent transparency authority,1,yes,Independent Transparency Authority,Ανεξάρτητη Αρχή Διαφάνειας
demetra,1,yes,Demetra,Δήμητρα
aegean prespes,1,yes,Aegean Prespes,Αιγαιοπελαγίτικες Πρέσπες
arkalochori,1,yes,Arkalochori,Αρκαλοχώρι
december 21,1,yes,December 21,21 Δεκεμβρίου
social justice,1,yes,Social Justice,Κοινωνική Δικαιοσύνη
karamanlis government,1,yes,Karamanlis Government,Κυβέρνηση Καραμανλή
southeastern mediterranean,1,yes,Southeastern Mediterranean,Νοτιοανατολική Μεσόγειος
liberty square,1,yes,Liberty Square,Πλατεία Ελευθερίας
democratic games,1,yes,Democratic Games,Δημοκρατικά Παιχνίδια
cretan people,1,yes,Cretan People,Κρητικοί Άνθρωποι
spanish,1,yes,Spanish,Ισπανικά
eur 150 youth pass,1,yes,Eur 150 Youth Pass,Eur 150 Πάσο Για Νέους
the young generation,1,yes,The Young Generation,Η Νέα Γενιά
second issue,1,yes,Second Issue,Δεύτερο Θέμα
50 thousand,1,yes,50 Thousand,50 Χιλιάδες
four-year,1,yes,Four-year,Τετραετής
common people,1,yes,Common People,Απλοί Άνθρωποι
domestic oligarchy,1,yes,Domestic Oligarchy,Εγχώρια Ολιγαρχία
public education,1,yes,Public Education,Δημόσια Εκπαίδευση
european countries,1,yes,European Countries,Ευρωπαϊκές Χώρες
greek family,1,yes,Greek Family,Ελληνική Οικογένεια
national,1,yes,National,Εθνικό
family,1,yes,Family,Οικογένεια
demographics,1,yes,Demographics,Δημογραφικά Στοιχεία
belgium,1,yes,Belgium,Βέλγιο
mr. scurtsos,1,yes,Mr. Scurtsos,Κ. Σκούρτσος
mr. scherzo,1,yes,Mr. Scherzo,Mr. Scherzo
150 listed companies,1,yes,150 Listed Companies,150 Εισηγμένες Εταιρείες
tif,1,yes,Tif,Tif
welfare state,1,yes,Welfare State,Κράτος Πρόνοιας
heraklion union,1,yes,Heraklion Union,Ένωση Ηρακλείου
weak greeks,1,yes,Weak Greeks,Αδύναμοι Έλληνες
120 instalments,1,yes,120 Instalments,120 Δόσεις
european country,1,yes,European Country,Ευρωπαϊκή Χώρα
15 years,1,yes,15 Years,15 Χρόνια
farmers,1,yes,Farmers,Αγρότες
municipal energy communities,1,yes,Municipal Energy Communities,Δημοτικές Ενεργειακές Κοινότητες
elga,1,yes,ELGA,ΕΛΓΑ
lithuanians,1,yes,Lithuanians,Λιθουανοί
bulgarians,1,yes,Bulgarians,Βούλγαροι
vroutsis,1,yes,Vroutsis,Βρούτσης
kammenos,1,yes,Kammenos,Καμμένος
anastasios peponi,1,yes,Anastasios Peponi,Αναστάσιος Πεπόνης
ccps,1,yes,Ccps,Ccps
kapodistrias,1,yes,Kapodistrias,Καποδίστριας
pontians,1,yes,Pontians,Πόντιοι
sun,1,yes,Sun,Ήλιος
'81,1,yes,'81,'81
19 may 1994,1,yes,19 May 1994,19 Μαΐου 1994
people-born patriotic movement,1,yes,People-born Patriotic Movement,Λαϊκό Πατριωτικό Κίνημα
two unrepentant power systems,1,yes,Two Unrepentant Power Systems,Δύο Αμετανόητα Συστήματα Ενέργειας
the public interest,1,yes,The Public Interest,Το Δημόσιο Συμφέρον
the government,1,yes,The Government,Η Κυβέρνηση
european commission,1,yes,European Commission,Ευρωπαϊκή Επιτροπή
karatzaferis,1,yes,Karatzaferis,Karatzaferis
faelos kranidiotis,1,yes,Faelos Kranidiotis,Faelos Kranidiotis
program,1,yes,Program,Πρόγραμμα
polakis,1,yes,Polakis,Πολάκης
labour,1,yes,Labour,Εργασία
european recovery fund,1,yes,European Recovery Fund,Ευρωπαϊκό Ταμείο Ανάκαμψης
kostas karamanlis,1,yes,Kostas Karamanlis,Κώστας Καραμανλής
ote,1,yes,Ote,Ote
patsies,1,yes,Patsies,Το Ίδιο
papanikolaou hospital,1,yes,Papanikolaou Hospital,Νοσοκομείο Παπανικολάου
pandemic era,1,yes,Pandemic Era,Εποχή Της Πανδημίας
health workers,1,yes,Health Workers,Εργαζόμενοι Στον Τομέα Της Υγείας
health system,1,yes,Health System,Σύστημα Υγείας
public health,1,yes,Public Health,Δημόσια Υγεία
base 10,1,yes,Base 10,Βάση 10
tutorials,1,yes,Tutorials,Σεμινάρια
learner,1,yes,Learner,Μαθητής
germany,1,yes,Germany,Γερμανία
autism spectrum,1,yes,Autism Spectrum,Φάσμα Του Αυτισμού
special education structures,1,yes,Special Education Structures,Δομές Ειδικής Εκπαίδευσης
maternity allowance,1,yes,Maternity Allowance,Επίδομα Μητρότητας
women freelancers,1,yes,Women Freelancers,Γυναίκες Ελεύθεροι Επαγγελματίες
taxes,1,yes,Taxes,Φόροι
two children,1,yes,Two Children,Δύο Παιδιά
1980s,1,yes,1980s,1980s
260 thousand,1,yes,260 Thousand,260 Χιλιάδες
six and a half million acres,1,yes,Six And A Half Million Acres,Εξήμισι Εκατομμύρια Στρέμματα
1.3 billion,1,yes,1.3 Billion,"1,3 Δισεκατομμύρια"
70%,1,yes,70%,70%
public funds,1,yes,Public Funds,Δημόσια Κονδύλια
727 cooperatives,1,yes,727 Cooperatives,727 Συνεταιρισμοί
patriotic progressive movement,1,yes,Patriotic Progressive Movement,Πατριωτικό Προοδευτικό Κίνημα
production,1,yes,Production,Παραγωγή
agricultural inputs,1,yes,Agricultural Inputs,Γεωργικές Εισροές
zero excise duty,1,yes,Zero Excise Duty,Μηδενικός Ειδικός Φόρος Κατανάλωσης
agricultural oil,1,yes,Agricultural Oil,Γεωργικό Έλαιο
energy communities,1,yes,Energy Communities,Ενεργειακές Κοινότητες
renewable energy sources,1,yes,Renewable Energy Sources,Ανανεώσιμες Πηγές Ενέργειας
unconditional,1,yes,Unconditional,Άνευ Όρων
tax-free subsidies,1,yes,Tax-free Subsidies,Αφορολόγητες Επιδοτήσεις
compensation,1,yes,Compensation,Αποζημίωση
aid,1,yes,Aid,Ενίσχυση
elga insurance regulation,1,yes,Elga Insurance Regulation,Κανονισμός Ασφάλισης Elga
climate change,1,yes,Climate Change,Κλιματική Αλλαγή
ministry,1,yes,Ministry,Υπουργείο
hottest summers,1,yes,Hottest Summers,Τα Πιο Ζεστά Καλοκαίρια
common agricultural policy,1,yes,Common Agricultural Policy,Κοινή Γεωργική Πολιτική
toplou,1,yes,Toplou,Toplou
manufacturing,1,yes,Manufacturing,Κατασκευή
seteia,1,yes,Seteia,Seteia
lasithi,1,yes,Lasithi,Lasithi
ministry of maximus,1,yes,Ministry Of Maximus,Διακονία Του Μάξιμου
israel,1,yes,Israel,Ισραήλ
mirage,1,yes,Mirage,Mirage
rafale,1,yes,Rafale,Rafale
norway,1,yes,Norway,Νορβηγία
convention,1,yes,Convention,Σύμβαση
f-16,1,yes,F-16,F-16
arms companies,1,yes,Arms Companies,Εταιρείες Όπλων
zayef,1,yes,Zayef,Zayef
siemens,1,yes,Siemens,Siemens
novartis,1,yes,Novartis,Novartis
thirteenth pension,1,yes,Thirteenth Pension,Δέκατη Τρίτη Σύνταξη
25th,1,yes,25th,25η
i,1,yes,I,I
tax system,1,yes,Tax System,Φορολογικό Σύστημα
product,1,yes,Product,Προϊόν
multinationals,1,yes,Multinationals,Πολυεθνικές
public administration,1,yes,Public Administration,Δημόσια Διοίκηση
dirty black system,1,yes,Dirty Black System,Βρώμικο Μαύρο Σύστημα
northerner,1,yes,Northerner,Northerner
greek prime minister,1,yes,Greek Prime Minister,Έλληνας Πρωθυπουργός
labor market,1,yes,Labor Market,Αγορά Εργασίας
the country,1,yes,The Country,Η Χώρα
rodopi,1,yes,Rodopi,Rhodopi
consulate,1,yes,Consulate,Προξενείο
komotini,1,yes,Komotini,Κομοτηνή
mr zaev,1,yes,Mr Zaev,Κ. Ζάεφ
mr staikouras,1,yes,Mr Staikouras,Ο Κ. Σταϊκούρας
dakis mp,1,yes,Dakis Mp,Dakis Mp
spanakis,1,yes,Spanakis,Spanakis
skylakakis,1,yes,Skylakakis,Skylakakis
m. asimakopoulou,1,yes,M. Asimakopoulou,M. Asimakopoulou
economou,1,yes,Economou,Economou
dadia,1,yes,Dadia,Dadia
70 billion euros,1,yes,70 Billion Euros,70 Δισεκατομμύρια Ευρώ
elstat,1,yes,Elstat,Ηλεκτροστατική
central macedonia,1,yes,Central Macedonia,Κεντρική Μακεδονία
corfu,1,yes,Corfu,Κέρκυρα
french,1,yes,French,Γαλλικά
english,1,yes,English,Αγγλικά
global institute,1,yes,Global Institute,Παγκόσμιο Ινστιτούτο
praetorian troops,1,yes,Praetorian Troops,Πραιτοριανά Στρατεύματα
tv flash,1,yes,Tv Flash,Flash Tv
kastoria network,1,yes,Kastoria Network,Δίκτυο Καστοριάς
mega,1,yes,Mega,Mega
sky,1,yes,Sky,Sky
star,1,yes,Star,Αστέρι
september 55,1,yes,September 55,Σεπτέμβριος 55
turks,1,yes,Turks,Τούρκοι
greeks of constantinople,1,yes,Greeks Of Constantinople,Έλληνες Της Κωνσταντινούπολης
capital of greece,1,yes,Capital Of Greece,Πρωτεύουσα Της Ελλάδας
beleri,1,yes,Beleri,Beleri
greek army,1,yes,Greek Army,Ελληνικός Στρατός
albanian special forces,1,yes,Albanian Special Forces,Αλβανικές Ειδικές Δυνάμεις
katsifa,1,yes,Katsifa,Katsifa
gumas,1,yes,Gumas,Γκούμας
kokavesi,1,yes,Kokavesi,Νερό Κακάο
kola,1,yes,Kola,Kola
albanian regime,1,yes,Albanian Regime,Αλβανικό Καθεστώς
northern epirus,1,yes,Northern Epirus,Βορειοηπειρος
tirana,1,yes,Tirana,Τίρανα
mep,1,yes,Mep,Mep
community funds,1,yes,Community Funds,Κοινοτικά Κεφάλαια
albanians,1,yes,Albanians,Αλβανοί
greek redneck,1,yes,Greek Redneck,Έλληνας Βλάχος
prime minister erdogan,1,yes,Prime Minister Erdogan,Πρωθυπουργός Ερντογάν
chavusoglu,1,yes,Chavusoglu,Chavusoglu
dendias,1,yes,Dendias,Dendias
stock market,1,yes,Stock Market,Χρηματιστήριο
florina,1,yes,Florina,Φλώρινα
western macedonia,1,yes,Western Macedonia,Δυτική Μακεδονία
alexandroupoli,1,yes,Alexandroupoli,Αλεξανδρούπολη
igoumenitsa,1,yes,Igoumenitsa,Igoumenitsa
prespa agreement,1,yes,Prespa Agreement,Συμφωνία Των Πρεσπών
ccpc,1,yes,Ccpc,Ccpc
skopje,1,yes,Skopje,Σκόπια
zaev,1,yes,Zaev,Zaev
estonia,1,yes,Estonia,Εσθονία
romania,1,yes,Romania,Ρουμανία
stavroulakis,1,yes,Stavroulakis,Σταυρουλάκης
norwegians,1,yes,Norwegians,Νορβηγοί
debt,1,yes,Debt,Χρέος
erdoganism,1,yes,Erdoganism,Erdoganism
davutoglu doctrine,1,yes,Davutoglu Doctrine,Δόγμα Davutoglu
erdogan's doctrine of ism,1,yes,Erdogan's Doctrine Of Ism,Το Δόγμα Του Ισμού Του Ερντογάν
kemalism,1,yes,Kemalism,Χημισμός
mr dendias,1,yes,Mr Dendias,κ. Δένδιας
kozanians,1,yes,Kozanians,Κοσσάνιοι
korydallos,1,yes,Korydallos,Korydallos
employees,1,yes,Employees,Εργαζόμενοι
entrepreneurs,1,yes,Entrepreneurs,Εργολάβοι
red,1,yes,Red,Κόκκινο
here,1,yes,Here,Εδώ
new battle,1,yes,New Battle,Νέα Μάχη
football,1,yes,Football,Ποδόσφαιρο
hundreds of thousands,1,yes,Hundreds Of Thousands,Εκατοντάδες Χιλιάδες
private sector,1,yes,Private Sector,Ιδιωτικός Τομέας
marginal housing,1,yes,Marginal Housing,Οριακή Στέγαση
poverty line,1,yes,Poverty Line,Όριο Φτώχειας
food cartels,1,yes,Food Cartels,Καρτέλ Τροφίμων
middlemen,1,yes,Middlemen,Μεσάζοντες
rural people,1,yes,Rural People,Άνθρωποι Της Υπαίθρου
rural world,1,yes,Rural World,Αγροτικός Κόσμος
shipbuilding zone,1,yes,Shipbuilding Zone,Ναυπηγική Ζώνη
labor inspectorate,1,yes,Labor Inspectorate,Επιθεώρηση Εργασίας
adonis georgiades,1,yes,Adonis Georgiades,Αδωνις Γεωργιάδης
post-independence period,1,yes,Post-independence Period,Περίοδος Μετά Την Ανεξαρτησία
democratic citizens,1,yes,Democratic Citizens,Δημοκρατικοί Πολίτες
value added tax,1,yes,Value Added Tax,Φόρος Προστιθέμενης Αξίας
excise duty,1,yes,Excise Duty,Ειδικός Φόρος Κατανάλωσης
national health service,1,yes,National Health Service,Εθνική Υπηρεσία Υγείας
december 2019,1,yes,December 2019,Δεκέμβριος 2019
staff,1,yes,Staff,Προσωπικό
december 2022,1,yes,December 2022,Δεκέμβριος 2022
june 1st,1,yes,June 1st,1 Ιουνίου
gao,1,yes,Gao,Gao
human life,1,yes,Human Life,Ανθρώπινη Ζωή
healthcare,1,yes,Healthcare,Υγειονομική Περίθαλψη
dealer,1,yes,Dealer,Έμπορος
general accounting office,1,yes,General Accounting Office,Γενικό Λογιστήριο Του Κράτους
debt adjustment program,1,yes,Debt Adjustment Program,Πρόγραμμα Ρύθμισης Του Χρέους
mr. psarianos,1,yes,Mr. Psarianos,Κ. Ψαριανός
public schools,1,yes,Public Schools,Δημόσια Σχολεία
ghettos,1,yes,Ghettos,Γκέτο
public education program,1,yes,Public Education Program,Πρόγραμμα Δημόσιας Εκπαίδευσης
family's financial situation,1,yes,Family's Financial Situation,Την Οικονομική Κατάσταση Της Οικογένειας
tempi river,1,yes,Tempi River,Χρόνοι Του Ποταμού
school exams,1,yes,School Exams,Σχολικές Εξετάσεις
executive state,1,yes,Executive State,Εκτελεστικό Κράτος
european resources,1,yes,European Resources,Ευρωπαϊκοί Πόροι
recovery and resilience fund,1,yes,Recovery And Resilience Fund,Ταμείο Ανάκαμψης Και Ανθεκτικότητας
public infrastructure,1,yes,Public Infrastructure,Δημόσια Υποδομή
25 days,1,yes,25 Days,25 Ημέρες
none,1,yes,nan,Κανένας
red of struggles,1,yes,Red Of Struggles,Κόκκινο Των Αγώνων
right-wing,1,yes,Right-wing,Δεξιά
out-of-control and arrogant right-wing government,1,yes,Out-of-control And Arrogant Right-wing Government,Ανεξέλεγκτη Και Αλαζονική Δεξιά Κυβέρνηση
progressive citizens,1,yes,Progressive Citizens,Προοδευτικοί Πολίτες
societies,1,yes,Societies,Κοινωνίες
peoples,1,yes,Peoples,Λαοί
tomorrow,1,yes,Tomorrow,Αύριο
new greece,1,yes,New Greece,Νέα Ελλάδα
castle of the great democratic party,1,yes,Castle Of The Great Democratic Party,Το Κάστρο Του Μεγάλου Δημοκρατικού Κόμματος
democrat,1,yes,Democrat,Δημοκράτης
progressive citizen,1,yes,Progressive Citizen,Προοδευτικός Πολίτης
the democratic party,1,yes,The Democratic Party,Το Δημοκρατικό Κόμμα
independence period,1,yes,Independence Period,Περίοδος Ανεξαρτησίας
supermarket,1,yes,Supermarket,Σούπερ Μάρκετ
electricity,1,yes,Electricity,Ηλεκτρική Ενέργεια
petrol,1,yes,Petrol,Βενζίνη
george square,1,yes,George Square,Τετράγωνο Γεωργίου
second world war,1,yes,Second World War,Β' Παγκόσμιος Πόλεμος
maximou building,1,yes,Maximou Building,Μέγαρο Μαξίμου
predator,1,yes,Predator,Αρπακτικό
republic,1,yes,Republic,Δημοκρατία
next four years,1,yes,Next Four Years,Τα Επόμενα Τέσσερα Χρόνια
pension,1,yes,Pension,Σύνταξη
retroactive payments,1,yes,Retroactive Payments,Αναδρομικές Πληρωμές
blue grasshopper onslaught,1,yes,Blue Grasshopper Onslaught,Μπλε Ακρίδα Επίθεση
corruption,1,yes,Corruption,Διαφθορά
joyful parents,1,yes,Joyful Parents,Χαρούμενοι Γονείς
victims,1,yes,Victims,Θύματα
parents of the victims,1,yes,Parents Of The Victims,Γονείς Των Θυμάτων
maximou mansion,1,yes,Maximou Mansion,Μέγαρο Μαξίμου
48 hours before the polls,1,yes,48 Hours Before The Polls,48 Ώρες Πριν Από Τις Κάλπες
public coffers,1,yes,Public Coffers,Δημόσια Ταμεία
memoranda,1,yes,Memoranda,Μνημόνια
average household pensioner,1,yes,Average Household Pensioner,Μέσος Όρος Συνταξιούχων Νοικοκυριών
salvation of society,1,yes,Salvation Of Society,Σωτηρία Της Κοινωνίας
next sunday,1,yes,Next Sunday,Την Επόμενη Κυριακή
€880,1,yes,€880,€880
14 years,1,yes,14 Years,14 Χρόνια
13th pension,1,yes,13th Pension,13η Σύνταξη
collective agreements,1,yes,Collective Agreements,Συλλογικές Συμβάσεις
labour inspectorate,1,yes,Labour Inspectorate,Επιθεώρηση Εργασίας
local health units,1,yes,Local Health Units,Τοπικές Μονάδες Υγείας
mrs. kerameos,1,yes,Mrs. Kerameos,Κυρία Κεραμέως
greek mafia,1,yes,Greek Mafia,Ελληνική Μαφία
colleges,1,yes,Colleges,Κολέγια
tens of thousands of children,1,yes,Tens Of Thousands Of Children,Δεκάδες Χιλιάδες Παιδιά
neighborhoods,1,yes,Neighborhoods,Γειτονιές
these national exams,1,yes,These National Exams,Αυτές Τις Εθνικές Εξετάσεις
luca katseli,1,yes,Luca Katseli,Luca Παρακολούθησαν
energy crisis,1,yes,Energy Crisis,Ενεργειακή Κρίση
water,1,yes,Water,Νερό
public pillar,1,yes,Public Pillar,Δημόσιος Πυλώνας
banking system,1,yes,Banking System,Τραπεζικό Σύστημα
small and medium-sized entrepreneurs,1,yes,Small And Medium-sized Entrepreneurs,Μικρομεσαίοι Επιχειρηματίες
large companies,1,yes,Large Companies,Μεγάλες Εταιρείες
disabilities,1,yes,Disabilities,Αναπηρίες
diagnosis,1,yes,Diagnosis,Διάγνωση
certification system,1,yes,Certification System,Σύστημα Πιστοποίησης
personal assistant,1,yes,Personal Assistant,Προσωπικός Βοηθός
carer,1,yes,Carer,Φροντιστής
24-hour,1,yes,24-hour,24ωρη
milk,1,yes,Milk,Γάλα
bread,1,yes,Bread,Ψωμί
baby food,1,yes,Baby Food,Παιδικές Τροφές
direct awards,1,yes,Direct Awards,Άμεσες Απονομές
constitutional,1,yes,Constitutional,Συνταγματικό
10 billion,1,yes,10 Billion,10 Δισεκατομμύρια
15 listed companies,1,yes,15 Listed Companies,15 Εισηγμένες Εταιρείες
households,1,yes,Households,Νοικοκυριά
minister of development,1,yes,Minister Of Development,Υπουργός Ανάπτυξης
73,1,yes,73,73
80s,1,yes,80s,80s
15,1,no,15,15
young men and women,1,yes,Young Men And Women,Νέοι Άνδρες Και Γυναίκες
progressive alliance,1,yes,Progressive Alliance,Προοδευτική Συμμαχία
citizens of patras,1,yes,Citizens Of Patras,Πολίτες Της Πάτρας
injustice,1,yes,Injustice,Αδικία
insecurity,1,yes,Insecurity,Ανασφάλεια
insults,1,yes,Insults,Προσβολές
brutality,1,yes,Brutality,Κτηνωδία
inequality,1,yes,Inequality,Ανισότητα
post-revolution,1,yes,Post-revolution,Μετά Την Επανάσταση
victory sunday,1,yes,Victory Sunday,Κυριακή Της Νίκης
vote,1,yes,Vote,Ψήφος
all progressive forces,1,yes,All Progressive Forces,Όλες Οι Προοδευτικές Δυνάμεις
democratic achaia,1,yes,Democratic Achaia,Δημοκρατική Αχαΐα
democratic citizen,1,yes,Democratic Citizen,Δημοκρατικός Πολίτης
forces of progress,1,yes,Forces Of Progress,Δυνάμεις Της Προόδου
unhistorical bipartisans,1,yes,Unhistorical Bipartisans,Ανιστόρητοι Δικομματικοί
government of progressive cooperation,1,yes,Government Of Progressive Cooperation,Κυβέρνηση Προοδευτικής Συνεργασίας
the right,1,yes,The Right,Το Δικαίωμα
democratic struggles,1,yes,Democratic Struggles,Δημοκρατικοί Αγώνες
member of parliament,1,yes,Member Of Parliament,Μέλος Του Κοινοβουλίου
two months,1,yes,Two Months,Δύο Μήνες
western greece,1,yes,Western Greece,Δυτική Ελλάδα
schoolchildren,1,yes,Schoolchildren,Μαθητές
working-class,1,yes,Working-class,Εργατική Τάξη
parliamentary candidates,1,yes,Parliamentary Candidates,Υποψήφιοι Βουλευτές
june,1,yes,June,Ιούνιος
may,1,yes,May,Μπορεί
fthiotida,1,yes,Fthiotida,Fthiotida
trikala,1,yes,Trikala,Trikala
volos,1,yes,Volos,Volos
messinia,1,yes,Messinia,Messinia
giannina,1,yes,Giannina,Giannina
aetoloakarnania,1,yes,Aetoloakarnania,Aetoloakarnania
larissa,1,yes,Larissa,Larissa
lesvos,1,yes,Lesvos,Λέσβος
cke,1,yes,Cke,Cke
ionian islands,1,yes,Ionian Islands,Ιονικά Νησιά
jpc,1,yes,Jpc,Jpc
427,1,yes,427,427
working people,1,yes,Working People,Εργαζόμενοι
south-west government,1,yes,South-west Government,Κυβέρνηση Της Νοτιοδυτικής Ευρώπης
stability programme,1,yes,Stability Programme,Πρόγραμμα Σταθερότητας
non-performing loans,1,yes,Non-performing Loans,Μη Εξυπηρετούμενα Δάνεια
foreclosures,1,yes,Foreclosures,Κατασχέσεις
2027,1,yes,2027,2027
united states,1,yes,United States,Ηνωμένες Πολιτείες
bourgeois government,1,yes,Bourgeois Government,Αστική Κυβέρνηση
next elections,1,yes,Next Elections,Επόμενες Εκλογές
zelenksy,1,yes,Zelenksy,Zelenksy
azov,1,yes,Azov,Azov
ad. georgiades,1,yes,Ad. Georgiades,Ad. Georgiades
perama zone,1,yes,Perama Zone,Ζώνη Perama
shipbuilding collective labour agreement,1,yes,Shipbuilding Collective Labour Agreement,Συλλογική Σύμβαση Εργασίας Ναυπηγικής Βιομηχανίας
konstantopoulou,1,yes,Konstantopoulou,Konstantopoulou
xa,1,yes,Xa,Xa
laos,1,yes,Laos,Λάος
dimar,1,yes,Dimar,Dimar
anel,1,yes,Anel,Anel
potami,1,yes,Potami,Potami
unity of centros,1,yes,Unity Of Centros,Ενότητα Των Κέντρων
youth,1,yes,Youth,Νεολαία
system,1,yes,System,Σύστημα
power-government programme,1,yes,Power-government Programme,Πρόγραμμα Εξουσία-κυβέρνηση
employers,1,yes,Employers,Εργοδότες
factories,1,yes,Factories,Εργοστάσια
offices,1,yes,Offices,Γραφεία
people's families,1,yes,People's Families,Τις Οικογένειες Των Ανθρώπων
austerity,1,yes,Austerity,Λιτότητα
social spending,1,yes,Social Spending,Κοινωνικές Δαπάνες
primary surpluses,1,yes,Primary Surpluses,Πρωτογενή Πλεονάσματα
agricultural blockades,1,yes,Agricultural Blockades,Αγροτικά Μπλόκα
subsistence farmers,1,yes,Subsistence Farmers,Αγρότες Βιοπορισμού
self-employed professionals,1,yes,Self-employed Professionals,Αυτοαπασχολούμενοι Επαγγελματίες
american,1,yes,American,Αμερικανική
105 years ago,1,yes,105 Years Ago,Πριν 105 Χρόνια
syntagma,1,yes,Syntagma,Syntagma
elefsina shipyards,1,yes,Elefsina Shipyards,Ναυπηγεία Ελευσίνας
molos drapetsona,1,yes,Molos Drapetsona,Molos Drapetsona
spanopoulos shipyards,1,yes,Spanopoulos Shipyards,Ναυπηγεία Σπανόπουλου
working class,1,yes,Working Class,Εργατική Τάξη
sea,1,yes,Sea,Θάλασσα
environment,1,yes,Environment,Περιβάλλον
popular districts,1,yes,Popular Districts,Δημοφιλείς Περιοχές
oil tanks,1,yes,Oil Tanks,Δεξαμενές Πετρελαίου
parents,1,yes,Parents,Γονείς
associations,1,yes,Associations,Ενώσεις
parents' unions,1,yes,Parents' Unions,Ενώσεις Γονέων
communists,1,yes,Communists,Κομμουνιστές
school,1,yes,School,Σχολείο
communist mps,1,yes,Communist Mps,Κομμουνιστές Βουλευτές
association of big language school owners,1,yes,Association Of Big Language School Owners,Ένωση Ιδιοκτητών Μεγάλων Σχολείων Ξένων Γλωσσών
1 nd candidate,1,yes,1 Nd Candidate,1ος Υποψήφιος
young parents,1,yes,Young Parents,Νέοι Γονείς
other parties,1,yes,Other Parties,Άλλα Μέρη
dealers of business interests,1,yes,Dealers Of Business Interests,Έμποροι Επιχειρηματικών Συμφερόντων
may 22,1,yes,May 22,Μαΐου 22
anestis tsoukarakis,1,yes,Anestis Tsoukarakis,Ανέστης Τσουκαράκης
imperialist war,1,yes,Imperialist War,Ιμπεριαλιστικός Πόλεμος
health care,1,yes,Health Care,Υγειονομική Περίθαλψη
memorandum governments,1,yes,Memorandum Governments,Μνημονιακές Κυβερνήσεις
jcd,1,yes,Jcd,Jcd
thousands,1,yes,Thousands,Χιλιάδες
profits,1,yes,Profits,Κέρδη
govern,1,yes,Govern,Διέπει Το
organization,1,yes,Organization,Οργάνωση
teachers,1,yes,Teachers,Δάσκαλοι
private education entrepreneurs,1,yes,Private Education Entrepreneurs,Επιχειρηματίες Της Ιδιωτικής Εκπαίδευσης
kindergarten teachers,1,yes,Kindergarten Teachers,Νηπιαγωγοί
aegina,1,yes,Aegina,Αιγίδα
capitalism,1,yes,Capitalism,Καπιταλισμός
workers',1,yes,Workers',Εργαζόμενοι
people's movement,1,yes,People's Movement,Λαϊκό Κίνημα
pavlos fyssa,1,yes,Pavlos Fyssas,Παύλος Φύσσας
600,1,yes,600,600
2012,1,yes,2012,2012
democrats,1,yes,Democrats,Δημοκράτες
pavlos fyssas,1,yes,Pavlos Fyssas,Παύλος Φύσσας
pame,1,yes,Pame,Pame
migrant workers,1,yes,Migrant Workers,Μετανάστες Εργάτες
b. piraeus,1,yes,B. Piraeus,Β. Πειραιάς
fascists,1,yes,Fascists,Φασίστες
working people's forces,1,yes,Working People's Forces,Δυνάμεις Του Εργαζόμενου Λαού
nazis,1,yes,Nazis,Ναζί
gop,1,yes,Gop,Gop
university of piraeus,1,yes,University Of Piraeus,Πανεπιστήμιο Του Πειραιά
panspoudasisti,1,yes,Panspoudasisti,Panspoudasisti
may 22nd,1,yes,May 22nd,22 Μαΐου
communist deputies,1,yes,Communist Deputies,Κομμουνιστές Βουλευτές
diamanto manolakou,1,yes,Diamanto Manolakou,Διαμάντω Μανωλάκου
hammer and sickle,1,yes,Hammer And Sickle,Σφυρί Και Δρεπάνι
coast,1,yes,Coast,Ακτή
mainstream media,1,yes,Mainstream Media,Κυρίαρχα Μέσα Ενημέρωσης
mr. katrougalos,1,yes,Mr. Katrougalos,Κ. Κατρούγκαλος
17-year-olds,1,yes,17-year-olds,17χρονοι
18-year-olds,1,yes,18-year-olds,18χρονοι
we,1,yes,We,Εμείς
winners,1,yes,Winners,Νικητές
governing,1,yes,Governing,Που Διέπει Το
cyber-attacked,1,yes,Cyber-attacked,Κυβερνοεπίθεση
qualifying exams,1,yes,Qualifying Exams,Κατατακτήριες Εξετάσεις
sovereignty,1,yes,Sovereignty,Κυριαρχία
sovereign rights,1,yes,Sovereign Rights,Κυριαρχικά Δικαιώματα
agenda,1,yes,Agenda,Ατζέντα
revisionist strategy,1,yes,Revisionist Strategy,Αναθεωρητική Στρατηγική
stable government,1,yes,Stable Government,Σταθερή Κυβέρνηση
our program,1,yes,Our Program,Το Πρόγραμμά Μας
hoteliers,1,yes,Hoteliers,Ξενοδόχοι
hotel employees,1,yes,Hotel Employees,Υπάλληλοι Του Ξενοδοχείου
tourism sector,1,yes,Tourism Sector,Τομέας Του Τουρισμού
investment,1,yes,Investment,Επένδυση
jobs,1,yes,Jobs,Θέσεις Εργασίας
sectoral agreement,1,yes,Sectoral Agreement,Τομεακή Συμφωνία
airport,1,yes,Airport,Αεροδρόμιο
irrigation projects,1,yes,Irrigation Projects,Αρδευτικά Έργα
social classes,1,yes,Social Classes,Κοινωνικές Τάξεις
fellow citizens,1,yes,Fellow Citizens,Συμπολίτες Μας
popular party,1,yes,Popular Party,Λαϊκό Κόμμα
class bias,1,yes,Class Bias,Ταξική Προκατάληψη
june 26,1,yes,June 26,Ιούνιος 26
1974,1,yes,1974,1974
economy,1,yes,Economy,Οικονομία
borders,1,yes,Borders,Σύνορα
toxicity,1,yes,Toxicity,Τοξικότητα
decency,1,yes,Decency,Αξιοπρέπεια
17 to 30 age group,1,yes,17 To 30 Age Group,Ηλικιακή Ομάδα 17 Έως 30 Ετών
ladies and gentlemen,1,yes,Ladies And Gentlemen,Κυρίες Και Κύριοι
149 mps,1,yes,149 Mps,149 Mps
candidate,1,yes,Candidate,Υποψήφιος
26 june,1,yes,26 June,26 Ιουνίου
4 years,1,yes,4 Years,4 Χρόνια
european funds,1,yes,European Funds,Ευρωπαϊκά Ταμεία
state budget,1,yes,State Budget,Κρατικός Προϋπολογισμός
100 million euros,1,yes,100 Million Euros,100 Εκατομμύρια Ευρώ
january,1,yes,January,Ιανουάριος
attikon,1,yes,Attikon,Attikon
evangelism,1,yes,Evangelism,Ευαγγελισμός
st. barbara,1,yes,St. Barbara,Αγία Βαρβάρα
breast cancer screenings,1,yes,Breast Cancer Screenings,Προσυμπτωματικές Εξετάσεις Για Τον Καρκίνο Του Μαστού
university of west attica,1,yes,University Of West Attica,Πανεπιστήμιο Δυτικής Αττικής
public ieks,1,yes,Public Ieks,Δημόσια Iex
interactive whiteboards,1,yes,Interactive Whiteboards,Διαδραστικοί Πίνακες
neighbourhood nannies,1,yes,Neighbourhood Nannies,Νταντάδες Της Γειτονιάς
president erdoğan,1,yes,President Erdoğan,Πρόεδρος Ερντογάν
coast guard,1,yes,Coast Guard,Ακτοφυλακή
young democrats of athens,1,yes,Young Democrats Of Athens,Νέοι Δημοκράτες Της Αθήνας
dapites,1,yes,Dapites,Δαπίτες
new country,1,yes,New Country,Νέα Χώρα
constantine and helen,1,yes,Constantine And Helen,Κωνσταντίνος Και Ελένη
future,1,yes,Future,Μελλοντικό
parliament of athens,1,yes,Parliament Of Athens,Κοινοβούλιο Των Αθηνών
russian,1,yes,Russian,Ρωσική
sunday night,1,yes,Sunday Night,Κυριακή Βράδυ
imf,1,yes,IMF,ΔΝΤ
100 days,1,yes,100 Days,100 Ημέρες
moria,1,yes,Moria,Μόρια
the ionian sea,1,yes,The Ionian Sea,Η Ιονική Θάλασσα
egypt,1,yes,Egypt,Αίγυπτος
the united states,1,yes,The United States,Οι Ηνωμένες Πολιτείες
the us congress,1,yes,The Us Congress,Το Κογκρέσο Των Ηπα
gov.gr,1,yes,Gov.gr,Gov.gr
36,1,yes,36,36
18,1,yes,18,18
25,1,yes,25,25
thessaloniki metro,1,yes,Thessaloniki Metro,Μετρό Θεσσαλονίκης
line 4 of the metro,1,yes,Line 4 Of The Metro,Γραμμή 4 Του Μετρό
line 2 to ilion,1,yes,Line 2 To Ilion,Γραμμή 2 Στο Ilion
suburban railway in west attica,1,yes,Suburban Railway In West Attica,Προαστιακός Σιδηρόδρομος Στη Δυτική Αττική
botanikos,1,yes,Botanikos,Βοτανικά
panathinaikos stadium,1,yes,Panathinaikos Stadium,Γήπεδο Παναθηναϊκού
olympians,1,yes,Olympians,Ολυμπιονίκες
final four,1,yes,Final Four,Τελική Τετράδα
2,1,no,2,2
capital,1,yes,Capital,Κεφάλαιο
effective state,1,yes,Effective State,Αποτελεσματική Κατάσταση
minimum wage,1,yes,Minimum Wage,Κατώτατος Μισθός
average wage,1,yes,Average Wage,Μέσος Μισθός
civil servants,1,yes,Civil Servants,Δημόσιοι Υπάλληλοι
tax-free allowance,1,yes,Tax-free Allowance,Αφορολόγητο Επίδομα
families with children,1,yes,Families With Children,Οικογένειες Με Παιδιά
presumptions,1,yes,Presumptions,Τεκμήρια
employer contributions,1,yes,Employer Contributions,Εργοδοτικές Εισφορές
memoirandum tax,1,yes,Memoirandum Tax,Φόρος Μνημονίου
business tax,1,yes,Business Tax,Φόρος Επιχειρήσεων
women,1,yes,Women,Γυναίκες
breast cancer prevention program,1,yes,Breast Cancer Prevention Program,Πρόγραμμα Πρόληψης Του Καρκίνου Του Μαστού
policies,1,yes,Policies,Πολιτικές
third,1,yes,Third,Τρίτο
two thousand,1,yes,Two Thousand,Δύο Χιλιάδες
evros fence,1,yes,Evros Fence,Φράχτης στον Έβρο
mr antonis samaras,1,yes,Mr Antonis Samaras,Κ. Αντώνης Σαμαράς
council of state,1,yes,Council Of State,Συμβούλιο Της Επικρατείας
gdr,1,yes,Gdr,Gdr
molotov cocktails,1,yes,Molotov Cocktails,Κοκτέιλ Μολότοφ
professors,1,yes,Professors,Καθηγητές
may 19,1,yes,May 19,19 Μαΐου
pontian,1,yes,Pontian,Ποντιακός
pericles,1,yes,Pericles,Περικλής
othonians,1,yes,Othonians,Οθωνοί
kastelorizo,1,yes,Kastelorizo,Καστελόριζο
gavdos,1,yes,Gavdos,Γαύδος
22 may,1,yes,22 May,22 Μαΐου
giannis,1,yes,Giannis,Giannis
regional unit of rethymnon,1,yes,Regional Unit Of Rethymnon,Περιφερειακή Μονάδα Του Ρέθυμνο
milopotamos,1,yes,Milopotamos,Milopotamos
two-day,1,yes,Two-day,Διήμερο
local government,1,yes,Local Government,Τοπική Αυτοδιοίκηση
mayor,1,yes,Mayor,Περισσότερα
kissamos,1,yes,Kissamos,Kissamos
sitia,1,yes,Sitia,Sitia
kastelli,1,yes,Kastelli,Castelli
white mountains,1,yes,White Mountains,Λευκά Βουνά
cap,1,yes,Cap,Καπάκι
cretan cip,1,yes,Cretan Cip,Cretan Cip
100 billion,1,yes,100 Billion,100 Δισεκατομμύρια
northern highway,1,yes,Northern Highway,Βόρειος Αυτοκινητόδρομος
grade 5,1,yes,Grade 5,Βαθμός 5
grade 3,1,yes,Grade 3,Βαθμός 3
irini agapidaki,1,yes,Irini Agapidaki,Irini Agapidaki
state electoral committee,1,yes,State Electoral Committee,Κρατική Εκλογική Επιτροπή
rethymnon,1,yes,Rethymnon,Rethymnon
greek region,1,yes,Greek Region,Ελληνική Περιοχή
quota,1,yes,Quota,Ποσόστωση
last four years,1,yes,Last Four Years,Τα Τελευταία Τέσσερα Χρόνια
enfia,1,yes,Enfia,Enfia
private economy,1,yes,Private Economy,Ιδιωτική Οικονομία
1,1,yes,1,1
quality investments,1,yes,Quality Investments,Ποιοτικές Επενδύσεις
visitors,1,yes,Visitors,Επισκέπτες
hotels,1,yes,Hotels,Ξενοδοχεία
new york times,1,yes,New York Times,New York Times
livadia,1,yes,Livadia,Livadia
zoniana,1,yes,Zoniana,Zonian
